,1995,,,,1996,,,,1997,,,,1998,,,,1999,,,,2000,,,,2001,,,,2002,,,,2003,,,,2004,,,,2005,,,,2006,,,,2007,,,,2008,,,,2009,,,,2010,,,,2011,,,,2012,,,,2013,,,,2014,,,,2015,,,,2016,,,,2017,,,
,Floating rate,Straight fix rate,Inflation indexed,Exchange rate linked,Floating rate,Straight fix rate,Inflation indexed,Exchange rate linked,Floating rate,Straight fix rate,Inflation indexed,Exchange rate linked,Floating rate,Straight fix rate,Inflation indexed,Exchange rate linked,Floating rate,Straight fix rate,Inflation indexed,Exchange rate linked,Floating rate,Straight fix rate,Inflation indexed,Exchange rate linked,Floating rate,Straight fix rate,Inflation indexed,Exchange rate linked,Floating rate,Straight fix rate,Inflation indexed,Exchange rate linked,Floating rate,Straight fix rate,Inflation indexed,Exchange rate linked,Floating rate,Straight fix rate,Inflation indexed,Exchange rate linked,Floating rate,Straight fix rate,Inflation indexed,Exchange rate linked,Floating rate,Straight fix rate,Inflation indexed,Exchange rate linked,Floating rate,Straight fix rate,Inflation indexed,Exchange rate linked,Floating rate,Straight fix rate,Inflation indexed,Exchange rate linked,Floating rate,Straight fix rate,Inflation indexed,Exchange rate linked,Floating rate,Straight fix rate,Inflation indexed,Exchange rate linked,Floating rate,Straight fix rate,Inflation indexed,Exchange rate linked,Floating rate,Straight fix rate,Inflation indexed,Exchange rate linked,Floating rate,Straight fix rate,Inflation indexed,Exchange rate linked,Floating rate,Straight fix rate,Inflation indexed,Exchange rate linked,Floating rate,Straight fix rate,Inflation indexed,Exchange rate linked,Floating rate,Straight fix rate,Inflation indexed,Exchange rate linked,Floating rate,Straight fix rate,Inflation indexed,Exchange rate linked
Argentina,5.882,0,0,16.893,7.059,0,0,16.062,6.975,0,0,16.939,6.8,0,0,15.85,5.407,0,0,18.938,3.487580128,0,0,24.51322115,0.811216825,0.846269404,0,50.03905859,0.155851852,0.832,34.99674074,12.736,0.178390089,0.904136484,32.1511746,13.90562589,0.155719235,1.274341641,33.08848754,15.75152188,0.062436331,0.481416976,52.55035983,18.63034406,0.056256504,0.436394381,55.16909469,21.8096384,0.045148162,0.866399593,55.731591,25.21175124,1.233111047,0.755291389,51.92896492,25.18527109,11.43112513,0.625920084,31.94952681,24.48291272,11.26446905,0.597131354,32.69275289,24.09587318,11.23602557,0.549447995,32.21638582,26.71377106,10.4036604,0.173868836,30.48134215,25.52679207,13.21812631,0.129780478,24.85342169,23.96045224,16.26901455,2.020030234,18.21086073,31.1401644,18.51995458,6.555159922,13.56394195,44.24433648,13.61067169,6.112115505,13.31161331,41.3301946,20.59624934,11.55985209,23.92556788,60.57997887
Australia,2.754615843,59.85705777,2.382370459,0,5.653766523,64.58034719,2.946329033,0,5.223978059,54.06817291,2.938487658,0,2.641439892,43.86018797,3.194299404,0,2.801120448,43.38479578,3.647970816,0,1.387116462,33.2907951,3.273594851,0,0,27.59218646,3.162135972,0,0,29.04939528,3.617045326,0,0,37.66067804,4.961286928,0,0,37.36932439,5.149009206,0,0,35.51812523,4.833394361,0,0,37.87281048,4.73410131,0,0,41.46534306,5.271018185,0,0,33.90993959,4.118616145,0,0,70.55435565,5.399568035,0,0,126.8436578,11.59597193,0,0,163.9377606,14.13607241,0,0,213.1811105,16.70991178,0,0,208.79907,16.36412412,0,0,238.1693139,19.24021615,0,0,244.9755171,20.09793174,0,0,278.1829999,21.80977829,0,0,362.6133167,26.10190685,0
Belgium,8.098961756,224.5885136,0,14.96740702,7.04610951,221.7113144,0,13.20824458,5.625883392,200.0862412,0,12.34816696,5.428654766,220.8951114,0,10.64916579,2.586899739,201.8311232,0,8.778581475,2.031450637,194.9808319,0,7.629850191,1.919714462,190.6775359,0,5.482153873,2.279047819,232.3324245,0,4.983011745,2.566557211,280.9209396,0,3.711922203,2.76123672,300.909289,0,2.462952874,2.385631709,264.5846408,0,2.73398608,0.022915844,296.4518636,0,2.748452522,4.581775357,336.1182099,0,2.737671132,4.324843424,321.9864997,0,3.897703549,4.652837799,355.3310285,0,7.182224143,4.54970604,350.799706,0,8.07282202,4.618967525,363.3563204,0,8.103118127,6.62752342,386.9547434,0,7.339094867,10.79713143,417.8931182,0,7.00206868,9.953866699,374.495326,0,6.776981911,8.491017964,344.9232444,0,6.25955362,5.163908506,347.5680405,0,9.040581849,5.218277764,398.3559607,0,10.69033341
Brazil,29.07479909,20.14218009,0.463630744,4.759942304,15.51043972,46.22341961,0.192437217,20.96603483,76.69502911,54.7156292,0.107478728,31.18674429,140.3061647,4.013239553,0.11584609,22.17625155,152.1282477,21.973466,13.61525705,21.63073521,149.3188716,38.65761199,15.54507686,14.3812469,151.5284784,8.065843635,18.78872172,16.700129,84.27114104,2.180789786,22.08190901,20.42371781,158.5684833,7.488931277,34.09597526,16.50937653,175.5931681,17.56383194,45.40333333,10.58796553,226.592439,88.24767715,65.32982885,8.402495084,204.9139867,149.4606162,115.3293451,6.622206034,246.9065154,238.57859,182.7201378,6.583946515,202.9755577,163.2145394,159.2371504,5.757989271,296.5468761,261.2675785,229.5448931,5.63321467,322.4124011,353.6106858,271.9155251,5.513022501,301.2298175,354.0751807,282.6667254,5.446816093,212.9164913,373.0198935,331.9094274,5.314494008,171.697442,346.9171433,310.2975,4.838873097,161.5005191,327.9845518,302.1170255,4.851574813,160.6499729,247.3354095,229.3675796,4.544982258,270.0929602,319.7083303,304.5013899,4.612167614,338.5775831,369.6279489,317.5372322,4.522015153
Canada,0,179.3027523,4.036697248,0,0,197.5912409,5.109489051,0,0,202.4141781,6.140106056,0,0,186.6925065,6.718346253,0,0,199.7111615,7.83990097,0,0,191.8310235,8.728678038,0,0,170.7882051,9.077818819,0,0,168.8739624,10.07540714,0,0,199.0664385,13.48218453,0,0,199.9419184,15.54098905,0,0,201.6073577,17.30273337,0,0,198.8623632,18.68482289,0,0,225.8176261,24.27916454,0,0,190.4945145,21.31160963,0,0,299.8666794,26.88315399,0,0,364.1524574,30.52156469,0,0,392.7151669,31.94947616,0,0,417.7362659,34.98041579,0,0,406.9843956,34.80917466,0,0,373.7287404,33.86860054,0,0,319.4612504,29.84010372,0,0,352.897474,32.41456166,0,0,408.2216906,36.54704944,0
Chile,...,...,...,...,...,...,...,...,...,...,...,...,...,...,...,...,...,...,...,...,...,...,...,...,...,...,...,...,...,...,...,...,...,0,0.363518451,...,...,0,1.16940857,...,...,0,2.092471947,...,...,0,2.030817881,...,...,0.346295026,2.759388488,...,...,0.588132441,3.875013909,...,...,1.540193117,6.885433327,...,...,2.465999103,12.3361872,...,...,3.940858359,16.57043685,...,...,5.333326369,21.68242791,...,...,6.28010921,21.98590958,...,...,7.974760447,21.86711778,...,...,9.430698108,21.67961659,...,...,17.48714952,25.75342055,...,...,...,...,...
Chinese Taipei,0,29.50164896,0,0,0,34.01526163,0,0,0,29.73780488,0,0,0,30.04028509,0,0,0,37.67888624,0,0,0,42.56591826,0,0,0,50.56452211,0,0,0,61.11568274,0,0,0,73.65067411,0,0,0,85.78990714,0,0,0,91.74923722,0,0,0,99.41656871,0,0,0,105.121352,0,0,0,109.9261515,0,0,0,119.7637,0,0,0,143.6579325,0,0,0,148.8665661,0,0,0,164.4272775,0,0,0,169.9671683,0,0,0,168.612786,0,0,0,166.6600759,0,0,0,170.9378248,0,0,0,188.6693195,0,0
Colombia,...,...,...,...,0,4.668496911,0.679796684,0.517639979,0,5.712371867,1.41749254,0.302317599,0,4.62338614,3.774069295,0.966628191,0,5.56055439,3.997923971,1.503706431,0,5.994850124,4.893279143,1.385658852,0,5.929913844,6.862009969,2.033360539,0,7.123384262,6.554407129,1.419597946,0,9.702722256,7.502564601,0.967563647,0,15.06735014,8.778324092,0.66889591,0,23.80344275,9.783689837,0.701694233,0,27.41891825,10.1545031,0.488596519,0,33.26569914,11.43376879,0.345315015,0,33.0274248,12.25272889,0.1446395,0,41.40556591,14.28616154,0,0,51.79359241,16.83460642,0,0,56.60925516,18.00066917,0,0,63.38315717,21.55675449,0,0,69.53908752,19.34721797,0,0,60.29149913,20.32619145,0,0,45.07107545,18.25449996,0,0,53.25489634,23.49804213,0,0,60.01273458,25.4547252,0
Czech Republic,...,...,...,...,...,...,...,...,...,...,...,...,...,...,...,...,0,2.003467111,0.13912966,0,0,2.628455822,0.132750294,0,0,3.998136041,0.13786676,0,0,7.39286165,0,0,0,12.44188285,0,0,0,17.56784333,0,0,0,19.83130276,0,0,0,28.22000633,0,0,0,39.16286128,0,0,1.445240771,36.53397304,0,0,5.027872706,39.64062602,0,0,4.9262719,43.30409909,0,0,7.283345961,42.10393032,0,0,9.175895082,47.04044066,0,0,10.4164052,45.23067137,0,0,10.83254757,41.36612079,0,0,11.23463719,39.19311237,0,0,8.251371215,43.18161285,0,0,7.836278157,54.38094366,0,0
Germany,61.44697069,639.1917466,0,0,58.97757173,638.3786493,0,0,55.47924028,605.1093198,0,0,58.59759655,681.7197527,0,0,50.29736789,628.5282299,0,0,41.55206104,608.4870196,0,0,9.126641403,594.9977968,0,0,9.243917785,738.5759228,0,0,9.854761303,928.133367,0,0,2.060746391,1079.916916,0,0,0.358617435,985.6505839,...,4.680901262,0.267351508,1142.030818,11.85302252,5.227182932,0.150154571,1302.168409,22.07272192,5.841307228,4.167014614,1231.021573,30.41475296,5.522616562,3.195044656,1297.428695,38.68193604,9.65715932,69.06333511,1297.469268,50.57856761,3.655799038,151.5047225,1306.636046,58.57808255,5.894682365,95.45322602,1375.951973,71.56880855,14.81593878,55.51785961,1475.680596,73.51399807,24.47662391,43.24389948,1312.116062,78.35741168,25.12201044,32.40936309,1159.576483,82.98203593,26.35710397,28.36196901,1115.102772,72.15558132,30.06113629,25.32022068,1275.85752,89.49868074,38.75269849
Hong Kong SAR,0,0,0,0,0,0,0,0,0,0,0,0,0,0,0,0,0,0,0,0,0,0,0,0,0,0,0,0,0,0,0,0,0,0,0,0,0,1.325031518,0,1.260709599,0,1.32834666,0,1.263863812,0,0.990239072,0,1.260304273,0,0.987382027,0,1.256668034,0,0.645152966,0,1.264499813,0,0.90272494,0,1.263814916,0,3.280797684,0,1.260855581,0,5.084963955,1.287332647,1.261585994,0,6.257660796,2.580478679,1.264434553,0,7.931594831,3.869070649,1.263896412,0,8.766953741,3.867773709,0,0,9.083636551,3.870867849,0,0,9.00006447,4.255044807,0,0,10.28843447,3.314309114,0
Hungary,...,2.60271026,...,...,...,2.952208737,...,...,4.680585081,4.04274787,0,0,4.973176375,5.825615233,0,0,4.263732987,6.6685415,0,0,3.816805955,7.430657555,0,0,3.913693145,9.435206775,0,0,4.715576403,16.1669931,0,0,4.227320732,24.07109366,0,0,4.422933689,32.46954976,0,0,3.352910249,29.84962522,0,0,2.705455322,38.44759593,0,0,2.815051358,48.89904339,0,0,2.219310454,45.11154214,0,0,2.410588477,40.44408101,0,0,2.843060102,37.96163071,0,0,2.645137036,29.70360152,0.525654662,0,3.157893311,36.00251151,1.156901166,0.40579561,2.837685503,38.16622003,1.598983782,2.008015347,6.071269992,33.96548314,2.178562057,3.651073005,6.56879003,33.41486466,2.628549653,2.894539997,6.135505744,35.29157601,3.641701979,1.82357274,7.110855533,42.99787486,7.785613889,2.733041866
India,0,37.21091529,0,...,0,45.61502086,0,...,0,46.84503817,0,...,0,50.77610536,0.165804327,...,0,65.47920018,0.162031717,...,0,76.10428344,0.151051576,...,0,106.9713906,0.146209442,...,1.741124954,127.3419173,0,...,5.341282741,149.9507549,0,...,10.65380089,163.7950057,0,...,10.29485257,181.2471542,0,...,10.03280172,210.0328017,0,...,11.28332205,269.7347465,0,...,9.152519987,267.0108922,0,...,9.959988138,365.3648128,0,...,11.03476342,452.2761575,0,...,9.104552653,464.8504951,0,...,7.882577776,534.7712689,0,...,6.357048003,548.5948856,1.050084168,...,5.435986707,609.4135211,1.028643773,...,3.378495836,645.9275959,0.511529967,...,8.845818039,675.5470832,0.169613555,...,19.46217483,772.9781082,0.180438261,...
Indonesia,...,...,...,...,...,...,...,...,...,...,...,...,...,...,...,...,29.04338051,7.30618429,0,0,22.49735938,18.39344926,0,0,20.96217774,16.75836252,0,0,26.76735876,17.2551464,0,0,27.46503616,18.87287916,0,0,23.74285182,19.2392978,0,0,21.43269045,19.24272995,0,0,20.03521343,26.16122639,0,0,17.95317445,32.91151275,0,0,15.39955658,28.23025556,0,0,15.14868529,45.13633934,0,0,5.162211863,52.62606049,0,0,14.89655882,64.78438138,0,0,12.73896475,69.99625526,0,0,10.96901099,68.63623597,0,0.190509968,10.26574497,84.2304314,0,0.540977983,7.331668282,95.05410571,0,1.038522046,6.332410514,122.5679935,0,1.239074698,5.151737913,146.5260814,0,0.200110799
Israel,2.523125997,1.116108453,26.94258373,3.209569378,3.851737927,3.038449708,27.25284528,3.578591203,3.646776018,3.571549774,27.78959276,3.068438914,3.29375,3.820192308,23.86081731,4.136778846,3.39056104,5.283168794,24.09222249,4.893089333,4.716547118,7.135048232,22.80163245,4.24659906,6.766063914,9.295121119,21.86239054,3.244853861,7.875316456,9.815611814,20.68544304,3.208016878,10.98261286,16.14566005,24.59061596,1.303010277,13.20842388,19.11738869,26.05737667,0.074899441,12.46303493,20.40884122,23.80897583,0.073387324,11.5226133,24.37624184,26.73857508,0.075219983,13.0546515,27.70849064,29.29674278,1.129481605,12.4731098,35.20841552,34.53333333,1.101380671,12.44345804,41.27774255,42.16101247,1.214859438,11.94070309,50.9004659,45.77410702,1.13737117,8.055729984,53.08869702,44.59131345,1.21559393,8.937697541,60.54882949,52.39781432,1.182568168,11.13601014,67.07586843,59.08721701,1.14522726,11.10862464,61.66087918,53.7960748,1.067983641,11.18375192,63.96360841,52.64941056,1.042029728,11.35911458,64.27213542,54.23151042,0,9.946422399,72.6780159,59.07276184,0
Korea,...,...,...,...,...,...,...,...,...,...,...,...,...,...,...,...,...,...,...,...,...,...,...,...,...,...,...,...,...,76.06490783,0,...,...,107.1384588,0,...,...,164.6829656,0,...,...,212.8196087,0,...,...,273.4439892,0,...,...,287.3666645,1.983867323,...,...,212.3784136,1.342415041,...,...,281.6893072,1.533095637,...,...,320.573099,2.621485485,...,...,338.909052,3.506944043,...,...,390.3809515,7.116520371,...,...,435.9335327,7.704778902,...,...,459.415126,7.689290489,...,...,474.4393762,6.815013142,...,0,493.0111564,9.122479337,0,0,592.8493752,9.838569077,0
Malaysia,0,27.48031496,0,0,0,28.14726841,0,0,0,17.76061776,0,0,0,20.26315789,0,0,0,21.14660417,0,0,0,24.45888015,0,0,0,28.27506318,0,0,0,30.12682208,0,0,0,36.24408206,0,0,0,42.96494965,0,0,0,46.59593046,0,0,0,56.14730878,0,0,0,69.57967947,0,0,0,75.48153512,0,0,0,78.85514019,0,0,0,112.8984892,0,0,0,123.5423889,0,0,0,145.3564421,0,0,0,149.6797804,0,0,0,154.3321042,0,0,0,136.1370644,0,0,0,139.277753,0,0,0,165.2087966,0,0
Mexico,0,0,5.322997416,9.521963824,0,0,3.935758268,15.13362534,0.955287579,0,6.401667411,18.33655898,6.653185035,0,6.905965622,16.82507583,17.04186164,0,8.241642427,36.69744109,23.87356394,3.461145514,8.913492212,39.09426409,37.9172873,12.03671252,9.977657058,23.24104092,32.54748122,20.44204181,8.864756255,22.76611013,31.59301021,29.70662107,7.468960972,18.37581717,27.78329531,38.28210978,7.565874827,3.661253523,26.93518172,50.62663919,8.929374297,...,38.6910961,69.69392551,14.31573321,...,45.0973568,86.23175132,21.55312952,...,35.61722142,80.46164978,24.23516643,...,37.31633041,95.06128664,33.04606014,...,32.36030362,120.6831395,42.93846899,...,50.2989033,117.471149,46.4446993,...,70.05950324,139.0018811,57.95692733,...,81.45364365,155.2361694,68.58298359,...,79.05143711,160.7161786,69.86478222,...,71.26370622,150.4221947,69.95654301,...,56.21922583,131.7674115,60.4357404,...,63.96610101,142.2444904,72.27155688,...
Peru,0,0,0,0,0,0,0,0,0,0,0,0,0,0,0,0.050975091,0,0,0,0.255966913,0,0,0,0.264254198,0,0.348482648,0,0.611902625,0,0.53614115,0.014001138,0.639822358,0,0.710685921,0.057530686,0.627109086,0,0.818786531,0.324296206,0.611525839,0,2.360775802,0.577194752,0.382466036,0,3.044811767,0.635985292,0.302588852,0,5.563851469,0.708374833,0.126118158,0,5.42825641,0.675996496,0.125970059,0,6.542644056,0.731265271,0.125971794,0,9.260487093,0.766562578,0.126017269,0,9.901471068,0.775478858,0.126136869,0,11.62033059,0.819878824,0.12595,0,11.78952942,0.818178891,0.126175313,0,13.52902117,0.883953434,0.125739028,0,13.14842668,0.825509749,0,0,17.70891612,1.072294994,0,0,25.49614754,1.135293646,0
Philippines,6.709773404,18.54200046,...,0,4.226262934,22.57608034,...,0,1.872670419,15.76610381,...,0,2.090171279,18.07905988,...,0,2.061061111,20.76947939,...,0,1.674067442,18.96550346,...,0,1.766983211,21.85744654,...,0,1.801026764,25.14286991,...,0,1.778109757,28.5516298,...,0,1.699643586,33.05216608,...,0,1.699608014,38.4422517,...,0,1.742974379,41.75227862,...,0,1.475058121,51.34431841,...,0,1.278663056,49.35164448,...,0,1.258496476,38.56501077,...,0,1.306404591,48.19486973,...,0.501934396,1.278991033,56.79540931,...,0.498031357,1.353368058,75.45941359,...,1.002223913,1.2353374,74.89429877,...,0.641295372,1.242291437,77.0332207,...,0.640103487,1.208268312,75.55092552,...,0.503800922,1.147515196,71.87196231,...,0.502163943,1.143239942,81.10785967,...,0.501421027
Poland,2.714748784,2.309562399,0,0,4.347070075,3.651538863,0,0,3.272623791,4.667046101,0,0,4.764621969,7.931526391,0,0,4.32398483,12.73039109,0,0,4.519855945,18.22444589,0,0,4.387181362,24.58334384,0,2.143163309,4.172860757,34.89554808,0,1.069295569,4.163532825,45.39593854,0,0,7.669990329,66.99569814,0.867042385,0,9.749388753,73.8997555,1.436430318,0,13.33837533,93.43738183,2.23452164,0,21.83441891,118.5121462,3.359141371,0,18.46205395,98.84402748,3.618696599,0,18.11034676,120.3495718,3.825635266,0,21.98393223,131.4329893,5.008571717,0,18.45939514,119.2604632,6.008010681,0,32.06166202,128.8619729,7.481054472,0,38.0108223,139.8267105,9.992364638,0,29.91817252,105.0971701,2.216160927,0,30.9204647,98.1999234,1.966041108,0,34.60885776,102.1773943,1.051650374,0,46.11099945,126.4750639,1.292026759,0
Russia,...,...,...,...,...,...,...,...,...,...,...,...,...,...,...,...,...,...,...,...,...,...,...,...,...,...,...,...,...,...,...,...,...,...,...,...,...,19.22916691,0.868687641,6.999589077,...,24.25717192,0.838152408,7.005155618,...,32.33648937,0.915195613,5.257227543,...,41.86151873,0.98584928,4.353879257,...,37.75382201,0.812423265,1.781719745,...,48.25973775,0.80450667,1.792403758,...,66.45246601,0.788871758,1.739110225,...,86.10048391,0.746613215,0,...,103.7946294,0.788427854,0,...,109.8646734,0.73328039,0,...,58.24542084,0.323587297,0,18.18140603,47.05826744,2.107913399,0,28.33988728,60.81291822,2.83828744,0,30.0581389,83.13870402,2.930284443,0
Saudi Arabia,0,69.05745901,0,0,0,79.45607252,0,0,7.199040128,83.98880149,0,0,12.26339643,92.24206878,0,0,12.26568541,125.5899528,0,0,13.06387971,131.971846,0,0,14.13220276,114.1242034,0,0,11.99840021,147.7136382,0,0,12.53266492,158.6582049,0,0,17.06575649,145.5922351,0,0,19.73175479,95.99232061,0,0,19.19795222,77.85836177,0,0,16.26406442,54.92454541,0,0,15.45389145,47.69390637,0,0,10.66467593,49.32412616,0,0,6.746306864,37.78465149,0,0,3.813129966,32.31827636,0,0,0,22.07646777,0,0,0,16.29072682,0,0,0,11.79917432,0,0,0,37.89008414,0,0,24.52352392,32.38704518,0,0,24.53333333,44.66666667,0,0
Singapore,...,9.045936396,...,...,...,10.36084316,...,...,...,8.896797153,...,...,...,12.17443973,...,...,...,13.88137732,...,...,...,17.25331795,...,...,...,21.07880229,...,...,...,23.79854789,...,...,...,27.02702703,...,...,...,31.81595693,...,...,...,34.07861522,...,...,...,39.11597888,...,...,...,45.35336672,...,...,0,47.70833333,0,0,0,51.07718647,0,0,0,58.64004991,0,0,0,61.08162166,0,0,0,67.64392761,0,0,0,68.10802249,0,0,0,68.12339332,0,0,0,68.63922039,0,0,0,69.8865209,0,0,0,79.70960257,0,0
South Africa,0,65.94283833,0,...,0,57.42113022,0,...,0,60.68986848,0,...,0.69165247,53.63432709,0,...,0.878432137,52.92168802,0,...,0.760079313,43.33884997,0.24010575,...,0.485847064,28.69388236,1.187114491,...,0.680945175,35.85699334,2.833430334,...,1.145067112,50.28006393,4.793766588,...,1.558763617,63.02951593,7.518082831,...,1.75433051,58.50110862,8.262007828,...,1.94424589,53.40015727,8.649925606,...,0.704504425,54.34908745,9.605843217,...,0.831291768,39.94591838,8.625927292,...,1.054173937,57.12560441,16.09057869,...,1.176763021,79.5381067,24.96072539,...,0.03332532,79.03090197,25.81008934,...,0,90.30450966,30.79664001,...,0,85.61169721,27.19659809,...,0,87.29465,30.21609791,...,0,72.38102592,25.64957595,...,0,91.28888131,33.3290902,...,0,113.0660247,39.70656371,...
Spain,2.102773032,165.9876462,0,0,2.004761308,182.6838742,0,0,1.766784452,191.8065371,0,0,1.750087504,229.6114806,0,0,1.506931887,218.6055857,0,0,1.302689123,220.2475109,0,0,1.410064334,219.441262,0,0,1.15352349,270.5536913,0,0,3.283657489,320.7880778,0,0,4.358485426,358.3492236,0,0,4.954582989,320.1604341,0,0,6.716712762,353.8785724,0,0,5.741204181,388.9297807,0,0,4.175365344,409.7425191,0,0,9.795447998,540.3341976,0,0,9.887760556,580.0374131,0,0,9.056799068,653.5127442,0,0,3.034701148,834.5428157,0,0,24.41042615,962.4879327,0,0,18.69612723,855.7727328,15.05402452,0,9.363091998,818.726184,22.64561786,0,3.056814588,819.6479393,30.35733108,0,0.239865675,982.1300072,49.17246342,0
Thailand,0,1.696388889,0,0.008611111,0,0.69582846,0,0.008031189,0,0.289700855,0,0.004209402,0,11.27638356,0,0.009315068,0,15.68770741,0,0.006573006,0,15.21228343,0,0.005404082,0,15.98643581,0,0.005657401,0,25.84010645,0,0.005494225,0,27.94191881,0,0.005350779,0,32.40669931,0,0.004545303,0,33.13526731,0,0.003848149,0,42.55766279,0,0.004167547,0,59.1457783,0,0.003831495,0,53.33535092,0,0.002651679,0.840595983,63.86974365,0,0.002401703,2.528032891,81.40122876,0,0.002062343,2.619932955,79.0281627,1.262618292,0,4.704085704,94.17491285,0,0,3.536432736,98.24207088,0,0,3.379157401,98.62436534,0,0,0.800270733,96.26957335,0,0,0,112.2135971,0,0,0,131.7284756,0,0
Turkey,...,...,...,...,...,...,...,...,...,...,...,...,...,...,...,...,...,...,...,...,14.92070353,44.26606052,0.246638843,3.945953197,26.15807011,3.514251996,14.94453315,27.86886498,25.73118928,9.039944488,12.77523683,29.10607615,30.31339559,51.89726955,24.04220432,30.92015399,42.00037089,68.46472814,24.82708998,30.75617536,57.61268336,78.48273818,20.47888576,28.22929323,57.78640571,91.67738289,13.16540663,24.54907087,76.89806241,119.4418724,19.27357682,22.46896433,67.27979275,92.08419689,14.04507772,14.97959845,87.10770877,93.34759644,25.17777629,11.42294578,80.06327888,103.1129334,34.24213857,3.547853038,59.32899057,100.4104438,34.05486707,1.983232708,60.70980392,116.6442577,42.75014006,0,44.85955187,98.29039922,44.81296874,0,33.81634228,101.2308154,43.2478779,0,28.88610892,88.01658841,34.085067,0,23.56677756,79.42619921,30.37248713,0,17.80104988,91.90456092,31.5397399,0
United Kingdom,0,...,...,0,0,...,...,0,0,...,...,0,0,287.2973867,101.8855442,0,0,...,...,0,0,...,...,0,0,...,...,0,0,...,...,0,0,...,...,0,0,497.488408,165.7650696,0,0,507.4883801,178.343949,0,0,632.0847225,226.7111198,0,0,678.24167,272.9827379,0,0,690.0935126,240.0642899,0,0,1104.947283,296.025953,0,0,1240.298044,348.9599503,0,0,1380.885998,399.1635688,0,0,1579.30477,476.1519806,0,0,1737.303557,521.0918114,0,0,1687.139517,551.0522214,0,0,1616.73094,564.5209137,0,0,1384.880571,477.0992366,0,0,1559.070019,546.4990538,...
United States,0,2531.5,0,0,0,2667.28,0,0,0,2693.38,33.04,0,0,2581.83,67.64,0,0,2428.17,100.74,0,0,2183.82,121.21,0,0,2016.69,140.06,0,0,2169.65,146.85,0,0,2470.19,176.19,0,0,2696.67,245.94,0,0,2877.41,328.68,0,0,2972.54,411.12,0,0,3047.02,471.66,0,0,3386.87,530.11,0,0,4899.04,568.06,0,0,6464.39,616.11,0,0,7669.17,738.76,0,0,8567.28,849.84,0,0,9289.89,972.6,0,163.99,9805.35,1077.55,0,328.04,10181.6,1167.9,0,335.06,10508.02,1247.2,0,343.05,10842.27,1327.53,0
,,,,,,,,,,,,,,,,,,,,,,,,,,,,,,,,,,,,,,,,,,,,,,,,,,,,,,,,,,,,,,,,,,,,,,,,,,,,,,,,,,,,,,,,,,,,
,,,,,,,,,,,,,,,,,,,,,,,,,,,,,,,,,,,,,,,,,,,,,,,,,,,,,,,,,,,,,,,,,,,,,,,,,,,,,,,,,,,,,,,,,,,,
,1995,,1996,,1997,,1998,,1999,,2000,,2001,,2002,,2003,,2004,,2005,,2006,,2007,,2008,,2009,,2010,,2011,,2012,,2013,,2014,,2015,,2016,,2017,,,,,,,,,,,,,,,,,,,,,,,,,,,,,,,,,,,,,,,,,,,,,,,
,original,remaining,original,remaining,original,remaining,original,remaining,original,remaining,original,remaining,original,remaining,original,remaining,original,remaining,original,remaining,original,remaining,original,remaining,original,remaining,original,remaining,original,remaining,original,remaining,original,remaining,original,remaining,original,remaining,original,remaining,original,remaining,original,remaining,original,remaining,,,,,,,,,,,,,,,,,,,,,,,,,,,,,,,,,,,,,,,,,,,,,,
Argentina,...,...,...,...,...,...,...,...,...,...,...,...,...,...,...,...,1,0.7,1.3,1,1.1,12,19.7,12.8,19.8,12.4,19.2,12.2,13.42,11.96,13.49,11.91,14.11,12.12,15.5,11.84,15.16,10.94,14.27,9.77,11.93,8.15,12.94,7.02,10.29,6.35,,,,,,,,,,,,,,,,,,,,,,,,,,,,,,,,,,,,,,,,,,,,,,
Australia,9,6,9,5.6,9.1,5.2,9.7,5.1,10.2,5,10.7,5.1,11.2,4.9,11.6,5,11.7,4.8,11.7,4.9,11,4.7,11.1,5.6,10.6,5.4,9.9,5.2,7.6,5.1,7.3,4.9,7.2,5,7.9,5.3,8.5,6,9.2,6.5,9.6,6.8,10.1,7,10.4,7.2,,,,,,,,,,,,,,,,,,,,,,,,,,,,,,,,,,,,,,,,,,,,,,
Belgium,...,4.8,...,4.6,...,4.4,...,4.9,8.8,5.1,9.5,5.5,9.5,5.4,9.7,5.4,9.6,5.3,10.3,6.1,10.6,6.2,11.1,6.3,10.8,6.1,10.2,5.6,10,5.5,10.2,5.8,10.6,6.2,11.2,6.8,11.8,7.2,12.4,7.5,13.7,8,14.6,8.8,15.2,9.3,,,,,,,,,,,,,,,,,,,,,,,,,,,,,,,,,,,,,,,,,,,,,,
Brazil,...,0.69,...,0.81,...,4.26,...,1.63,...,2.26,...,2.69,...,3.32,...,2.94,...,2.67,...,2.36,...,2.29,...,2.59,...,3.04,...,3.28,...,3.37,...,3.36,...,3.49,...,3.84,...,4.06,...,4.28,...,4.44,...,4.44,...,4.14,,,,,,,,,,,,,,,,,,,,,,,,,,,,,,,,,,,,,,,,,,,,,,
Canada,...,4.9,...,5.5,...,5.8,...,6.3,...,6.17,...,6.5,...,6.42,10.2,6.42,10.1,6.65,9.9,6.85,10,6.71,10.3,6.75,11,7.1,9.1,6.22,9,6.03,9.1,6,9,5.82,8.9,5.76,9.6,5.88,10.2,6.55,10.3,6.5,10.3,6.48,10.6,6.57,,,,,,,,,,,,,,,,,,,,,,,,,,,,,,,,,,,,,,,,,,,,,,
Chile,...,...,...,...,...,...,...,...,...,...,...,...,...,...,...,...,19.8,19.8,19.4,19.2,14.7,16.9,...,15.9,14.7,14.8,20.8,16.5,11.6,14,14.1,13.5,10.81,11.992807,16.27,11.409113,17.05,11.27,17.5,12.6,16.55,11.46,16.4,13.3,...,...,,,,,,,,,,,,,,,,,,,,,,,,,,,,,,,,,,,,,,,,,,,,,,
Chinese Taipei,7,4.5,8,5.4,9,6.2,9.6,6.6,9.8,7.1,11.7,8.8,13.3,10.4,11.8,8.9,11.8,8.5,12,8.5,12.4,8.4,12.5,8.2,12.6,7.9,12.6,7.6,12.4,7.2,12.7,7.6,13.5,8.2,14.1,8.8,14.5,9.1,15,9.5,15.4,9.7,16.1,10,16.3,9.8,,,,,,,,,,,,,,,,,,,,,,,,,,,,,,,,,,,,,,,,,,,,,,
Colombia,3.1,...,2.9,...,3,...,5.4,...,5.1,...,5.1,3.6,5.9,4.4,6.4,4.5,6.5,4.2,6.8,4.1,6.8,3.8,7.5,3.9,7.7,4.1,8.2,4.4,8.8,5.1,9,5.1,9.9,5.2,10.6,5.4,10.7628,5.56426,10.9914,5.89122,11.7559,6.28033,12.41475,6.514819,12.8226,6.53635,,,,,,,,,,,,,,,,,,,,,,,,,,,,,,,,,,,,,,,,,,,,,,
Czech Republic,...,...,...,...,...,...,...,...,4.15,2.05,5.22,3.37,6.9,4.77,7.08,4.88,7.55,5.33,6.99,4.84,7.23,4.81,7.97,5.31,8.83,5.82,9.38,5.9,9.72,6.04,9.51,5.78,9.19,5.42,9.47,5.27,10.04,5.4,10.49,5.21,10.49,4.98,10.86,5.05,11.07,5.1,,,,,,,,,,,,,,,,,,,,,,,,,,,,,,,,,,,,,,,,,,,,,,
Germany,...,...,...,...,...,...,...,...,...,...,...,...,...,...,...,...,...,...,...,...,...,...,...,...,10.6,6.4,11,6.6,10.4,6.2,10.6,6.2,10.8,6.3,11.1,6.5,11.3,6.5,11.6,6.5,12,6.6,12.2,6.7,12.6,6.8,,,,,,,,,,,,,,,,,,,,,,,,,,,,,,,,,,,,,,,,,,,,,,
Hong Kong SAR,...,...,...,...,...,...,...,...,...,...,...,...,...,...,...,...,...,...,7.7,7.2,7.7,6.2,8.5,6.1,8.5,5.1,9.3,4.9,8.2,4.5,6.9,4.4,5.7,3.5,5.6,3,5.5,2.4,5,2.6,5.4,2.8,5.8,3,6.2,2.8,,,,,,,,,,,,,,,,,,,,,,,,,,,,,,,,,,,,,,,,,,,,,,
Hungary,...,5.1,...,7.3,...,5.7,...,4.6,...,3.9,...,3.9,...,3.7,...,3.7,...,4,...,4.1,...,4.1,...,4,6.8,4,7.1,3.8,5.3,2.7,6.4,2.9,8.5,3.6,8.2,3.2,7.7,3.1,7.9,3.6,7.6,3.6,7.1,3.4,6.7,3.3,,,,,,,,,,,,,,,,,,,,,,,,,,,,,,,,,,,,,,,,,,,,,,
India,...,...,...,...,...,...,6.6,6.5,7.7,6.3,12.6,7.1,14.3,8.2,13.8,8.9,14.94,9.78,14.13,9.63,16.9,9.92,14.72,9.97,14.9,10.59,13.81,10.45,11.16,9.82,11.62,9.78,12.66,9.6,13.5,9.67,14.23,10,14.66,10.23,16.03,10.5,14.76,10.65,14.13,10.62,,,,,,,,,,,,,,,,,,,,,,,,,,,,,,,,,,,,,,,,,,,,,,
Indonesia,...,...,...,...,...,...,...,...,8.89,7.02,5.64,6.01,...,5.11,13.06,7.57,7.79,7.76,7.9,8.41,7.64,7.56,11.47,7.12,12.05,8.21,12.05,8.21,12.55,7.93,13.11,8.58,14.29,9.166,14.6,9.9,14.5,10,14.2,9.7,13.9,9.3,14.1,9.1,13.7,8.5,,,,,,,,,,,,,,,,,,,,,,,,,,,,,,,,,,,,,,,,,,,,,,
Israel,8.493,6.8,7.785,6.6,8.003,6.5,8.034,6.4,8.284,6.3,8.505,6.2,9.151,6.5,9.424,6.6,9.535,6.6,9.716,6.2,9.981,6.1,10.547,6,11.015,6.2,11.216,6.2,11.262,6.3,11.208,6.2,11.022,6.3,11.3,6.7,11.808,7,12.339,7.1,12.331,6.768,12.928,7.115,13.44,7.165,,,,,,,,,,,,,,,,,,,,,,,,,,,,,,,,,,,,,,,,,,,,,,
Korea,...,...,...,...,...,...,...,...,...,...,...,...,...,...,5.41,3.66,5.45,3.68,5.84,3.98,6.08,4.07,6.6,4.2,7,4.4,7.5,4.5,7.6,4.6,8.1,5,8.6,5.3,9.05386,5.68047,9.7,6.2,10.2,6.8,10.7,7.2,11.4,7.8,12.2,8.4,,,,,,,,,,,,,,,,,,,,,,,,,,,,,,,,,,,,,,,,,,,,,,
Malaysia,...,...,...,...,...,...,...,...,...,...,...,5,...,4,...,4,...,5,...,5,8.6,5,8.4,5.2,10,5.4,9.7,5.3,9.2,5.3,8.7,4.5,9.2,5.1,9.5,5.5,9.6,5.8,9.7,6.2,8.6,5.4,8.1,5.1,11.2,6.7,,,,,,,,,,,,,,,,,,,,,,,,,,,,,,,,,,,,,,,,,,,,,,
Mexico,...,0.84,...,0.85,...,0.96,...,1.14,...,1.52,...,1.48,...,2.04,...,2.35,...,2.49,...,2.93,...,3.32,...,4.27,...,5.58,...,6.44,...,6.3,...,7.14,...,7.54,...,7.88,...,7.83,...,8,...,7.8,...,7.89,...,7.99,,,,,,,,,,,,,,,,,,,,,,,,,,,,,,,,,,,,,,,,,,,,,,
Peru,...,...,...,...,...,...,...,...,...,...,...,...,3.307086688,2.182808219,4.181535765,2.332760893,4.831315212,3.057514529,5.75774804,5.577837781,11.3890975,10.53272888,12.72890968,11.44458262,13.58060977,11.68051822,15.0784783,12.58531145,16.26877436,13.27818661,17.455112,13.96340535,17.40170502,13.3927147,17.6256172,13.15552557,17.87758042,13.55117941,17.71605846,13.52775349,17.47641841,12.9327871,15.57232014,12.77646098,14.99626785,12.46985954,,,,,,,,,,,,,,,,,,,,,,,,,,,,,,,,,,,,,,,,,,,,,,
Philippines,9.4,6.7,9.1,6.9,9.3,6.9,9.4,6.5,8.7,5.8,8.6,5.8,7.7,5,7.1,4.2,7,4.2,7,3.9,7.2,4.1,7.9,4.7,7.8,5,8.1,4.9,6.62,4.09,8.55,6.1,11.1,8.69,12.5,10,12.5,9.6,12.6,9.2,13,9.2,12.9,8.7,12,7.8,,,,,,,,,,,,,,,,,,,,,,,,,,,,,,,,,,,,,,,,,,,,,,
Poland,1.7,1.2,2.2,1.5,2.4,1.5,2.8,1.8,3.9,2.5,4.2,2.6,4,2.5,4.3,2.7,4.4,2.7,5.4,3.2,6.2,3.6,6.9,3.9,8,4.3,8.6,4.2,7.9,4.1,7.5,4.3,7.5,4.3,8.5,4.5,8.4,4.5,8.4,4.2,8.4,4.3,8.4,4.4,8.5,4.5,,,,,,,,,,,,,,,,,,,,,,,,,,,,,,,,,,,,,,,,,,,,,,
Russia,...,...,...,...,...,...,...,...,...,...,...,...,...,...,...,...,...,...,11.08,7.43,11.35,7.21,11.97,8.01,12.98,8.8,13.47,9.36,11.25,7.4,9,5.58,9.03,6.15,9.54,6.52,9.94,6.67,10.4,6.3,10.75,7.32,10.56,6.89,10.05,6.5,,,,,,,,,,,,,,,,,,,,,,,,,,,,,,,,,,,,,,,,,,,,,,
Saudi Arabia,...,6.5,...,6.5,...,6.2,...,6.2,...,6.9,...,6,...,6.3,...,6,...,5.5,...,5,...,5,...,4.4,...,4.2,...,3.5,...,3.3,...,3.1,...,3.1,...,3.5,...,3.1,...,3.2,...,4.8,...,6.9,...,6.2,,,,,,,,,,,,,,,,,,,,,,,,,,,,,,,,,,,,,,,,,,,,,,
Singapore,3.4,2,3.6,2,3.5,1.8,3.8,2.2,3.7,2.3,4.3,2.7,5.2,3.3,5.5,3.3,6.1,3.5,6,3.5,6.2,3.6,6.4,3.2,6.8,3.6,5.93,3.6,5.37,3.19,5.44,3.25,5.55,3.32,5.98,3.67,7.37,4.52,9.94,6.25,10.13,6.16,10.5,6.64,10.83,6.61,,,,,,,,,,,,,,,,,,,,,,,,,,,,,,,,,,,,,,,,,,,,,,
South Africa,...,...,...,...,15.6,10,16.4,10,16.8,9.5,17.6,9.2,17.1,8.6,17.3,9,16.6,8.3,15.4,8.3,16,8.2,16.8,8.4,17.4,8.5,18.3,10,18,10.6,18.2,10.6,19.5,11.6,20.5,12.3,21.5,13.3,21.3,14.2,22.8,15.7,23.5,16,24.5,16.6,,,,,,,,,,,,,,,,,,,,,,,,,,,,,,,,,,,,,,,,,,,,,,
Spain,4.9,3.3,5,3.4,5.7,3.9,7.2,5,7.9,5.4,8.4,5.7,9.3,5.9,9.6,5.9,9.9,6,10.3,6.2,11,6.6,11.4,6.7,12.2,6.8,11.7,6.6,10.8,6.4,10.8,6.6,10.6,6.4,10.4,5.9,9.9,5.6,10.2,6,10.8,6.3,11.6,6.7,12.1,7.1,,,,,,,,,,,,,,,,,,,,,,,,,,,,,,,,,,,,,,,,,,,,,,
Thailand,...,...,...,...,...,...,...,...,...,...,...,...,...,...,...,...,8.515,6.008,8.71,5.96,8.62,5.6,8.757584296,5.372286052,9.711,5.83,10.2,5.8,10.15,5.84,10.34,5.95,11.23,6.62,12.01,7.73,13.08,8.3,14.94037693,9.793850032,16.40520306,10.64353864,16.84081865,10.91158126,18.19850305,15.17827377,,,,,,,,,,,,,,,,,,,,,,,,,,,,,,,,,,,,,,,,,,,,,,
Turkey,...,...,...,...,...,...,...,...,...,...,1.73,0.96,3.15,2.71,3.18,2.41,2.87,1.87,2.78,1.61,3.25,1.83,3.48,1.89,3.84,1.07,3.89,1.86,3.97017,1.92001,4.22964,2.47645,4.50505,2.49822,5.10439,2.72432,4.7,2.3,6.7305,4.50533,7.19867,4.52652,7.41527,4.26456,7.49055,4.20766,,,,,,,,,,,,,,,,,,,,,,,,,,,,,,,,,,,,,,,,,,,,,,
United Kingdom,...,9.7,...,...,...,...,...,9.3,...,9.8,...,11.1,...,11.3,...,11.4,...,11.8,...,12.1,...,13.1,...,13.9,...,14.5,...,14.5,...,13.5,...,13.4,...,14.5,...,14.6,...,14.7,...,15.8,...,15.8,...,17.5,...,15.1,,,,,,,,,,,,,,,,,,,,,,,,,,,,,,,,,,,,,,,,,,,,,,
United States,...,5,...,5.1,...,5.2,...,5.4,...,5.6,...,5.8,...,5.5,...,5,...,4.7,...,4.5,...,4.5,...,4.5,...,4.6,...,4.2,...,4.6,...,4.9,...,5.2,...,5.4,...,5.6,...,5.7,...,5.6,...,5.6,...,5.7,,,,,,,,,,,,,,,,,,,,,,,,,,,,,,,,,,,,,,,,,,,,,,
